{
    "maryland": {
        "min_lat": 39.1550,
        "max_lat": 39.2450,
        "min_lon": -77.3081,
        "max_lon": -77.1919
    },
    "florida": {
        "min_lat": 26.490448860026532,
        "max_lat": 26.604200914701607,
        "min_lon": -82.04150698533131,
        "max_lon": -81.87502336164845
    },
    "nyc": {
        "min_lat": 40.4774,
        "max_lat": 40.9176,
        "min_lon": -74.2591,
        "max_lon": -73.7004
    },
    "longisland": {
        "min_lat": 40.55,
        "max_lat": 41.05,
        "min_lon": -73.95,
        "max_lon": -71.85
    },
    "mastic_beach": {
        "min_lat": 40.728352567124034,
        "max_lat": 40.82784572793889,
        "min_lon": -72.95011028894201,
        "max_lon": -72.72004468171392
    }
} 