{
  "Self_RMSE": 0.07315614873779333,
  "Self_R2": 0.01789016432031343,
  "B_RMSE": 0.0814375514480984,
  "B_R2": 0.4124002953679786,
  "Attr_RMSE_vsTruePosterior": 0.1667032344817716,
  "Attr_R2_vsTruePosterior": 0.8460624659799788,
  "NLL": 0.1561675334007834,
  "Brier": 0.04108500095166206,
  "ECE": 0.006454401131216748,
  "MCE": 0.3707569460525144,
  "ECE_adaptive": 0.009626459406345883,
  "MCE_adaptive": 0.0425337279572367,
  "ROC_AUC": 0.8482526618329087,
  "PR_AUC": 0.3823711487250352,
  "ACC_t0p5": 0.9492826159492826,
  "F1_t0p5": 0.1827956989247312,
  "Precision_t0p5": 0.7083333333333334,
  "Recall_t0p5": 0.10493827160493827,
  "Specificity_t0p5": 0.9975308641975309,
  "BalancedAcc_t0p5": 0.5512345679012346,
  "Thr_Youden": 0.06030150753768844,
  "ACC_tY": 0.8164831498164832,
  "F1_tY": 0.28940568475452194,
  "Precision_tY": 0.1830065359477124,
  "Recall_tY": 0.691358024691358,
  "Specificity_tY": 0.8236331569664903,
  "BalancedAcc_tY": 0.7574955908289241,
  "Thr_bestF1": 0.22055137844611528,
  "F1_bestF1": 0.44242424242424244,
  "ACC_tF1": 0.9386052719386053,
  "Precision_tF1": 0.43452380952380953,
  "Recall_tF1": 0.4506172839506173,
  "Specificity_tF1": 0.9664902998236331,
  "BalancedAcc_tF1": 0.7085537918871252,
  "Thr_recallTarget": 0.045112781954887216,
  "RecallTarget": 0.8,
  "ACC_tR": 0.7117117117117117,
  "F1_tR": 0.23131672597864772,
  "Precision_tR": 0.13513513513513514,
  "Recall_tR": 0.8024691358024691,
  "Specificity_tR": 0.7065255731922399,
  "BalancedAcc_tR": 0.7544973544973546,
  "drop_dim": 1,
  "self_weighting": "sqrt_invfreq",
  "tau_resp": 0.85,
  "edge_resp_floor": 0.12,
  "lambda_rank": 1.0,
  "Self_RMSE_d0": 0.05401311378100837,
  "Self_R2_d0": 0.18630379357538862,
  "Self_RMSE_d1": 0.026354246478289448,
  "Self_R2_d1": 0.18167336243625642,
  "Self_RMSE_d2": 0.11155045283045621,
  "Self_R2_d2": -0.14268832830569722
}